{
  "corpus_size": 40,
  "domains": [
    "geometry",
    "biology",
    "fusion",
    "ai"
  ],
  "kaft_k_density": [
    0.25795844197273254,
    0.36302220821380615,
    0.3410746455192566,
    0.7127396464347839,
    0.7095614671707153,
    0.0,
    0.2995050549507141,
    0.4014144241809845,
    1.0,
    0.4163767099380493,
    0.32142966985702515,
    0.721932590007782,
    0.39775270223617554,
    0.45263105630874634,
    0.5854132771492004,
    0.41998693346977234,
    0.41506996750831604,
    0.47982510924339294,
    0.26799672842025757,
    0.6556660532951355,
    0.23553401231765747,
    0.44037216901779175,
    0.36083924770355225,
    0.47550222277641296,
    0.5315847992897034,
    0.1938772201538086,
    0.45493632555007935,
    0.5894845724105835,
    0.5044041275978088,
    0.34138810634613037,
    0.08606623113155365,
    0.07771842181682587,
    0.25483065843582153,
    0.32344427704811096,
    0.31646376848220825,
    0.5462619662284851,
    0.49175143241882324,
    0.24551045894622803,
    0.3440878093242645,
    0.15126796066761017
  ],
  "softmax_k_density": [
    1.0000000046972395,
    1.0000000046614326,
    1.0000000047083797,
    1.000000004689722,
    1.000000004700976,
    1.000000004715237,
    1.000000004706103,
    1.000000004740451,
    1.0000000046961488,
    1.0000000046661675,
    1.0000000047269584,
    1.0000000047781765,
    1.0000000047397322,
    1.0000000047720934,
    1.0000000047613744,
    1.0000000047239344,
    1.000000004705044,
    1.0000000047366042,
    1.000000004794468,
    1.0000000047596362,
    1.0000000046737285,
    1.0000000046730748,
    1.0000000046607078,
    1.0000000046344462,
    1.0000000046622435,
    1.0000000046859623,
    1.0000000046796713,
    1.0000000046144877,
    1.0000000046990918,
    1.0000000046274513,
    1.0000000047157491,
    1.0000000046829627,
    1.0000000047443338,
    1.0000000047186917,
    1.0000000047440483,
    1.000000004739821,
    1.0000000047166022,
    1.000000004753706,
    1.0000000046799347,
    1.0000000047216375
  ],
  "kaft_k_var": 0.0372224785387516,
  "softmax_k_var": 1.6610143221165657e-21,
  "divergence": 0.18015653106978358
}